id,labels,sentences,PROPN,PROPN|[deal],PROPN|[item],PROPN|[bit],PROPN|$PERCENT,[deal],[deal]|PROPN,[deal]|[item],[deal]|[bit],[deal]|$PERCENT,[item]+PRON,[item],[item]+*+PRON+VERB,[item]+*+PRON+VERB+ADV,[item]+*+PRON+VERB+ADV+AUX,[item]+*+PRON,[item]+*+VERB,[item]+*+VERB+ADV,[item]+*+VERB+ADV+AUX,[item]|PROPN,[item]|[deal],[item]|$PERCENT,[bit],[bit]+ADJ+PRON,[bit]+ADJ+PRON+AUX,[bit]+ADJ+PRON+AUX+*+NOUN,[bit]+ADJ+PRON+*+AUX,[bit]+ADJ,[bit]+ADJ+*+PRON,[bit]+ADJ+*+PRON+AUX,[bit]+ADJ+*+AUX,[bit]+ADV,[bit]+ADV+VERB,[bit]+ADV+*+VERB,[bit]+ADV+*+[price],[bit]+ADV+[price],[bit]+*+PRON,[bit]+*+PRON+AUX,[bit]+*+VERB,[bit]+*+ADJ+PRON,[bit]+*+ADJ+PRON+AUX,[bit]+*+ADJ,[bit]+*+ADV,[bit]+*+ADV+VERB,[bit]+*+ADV+[price],[bit]+*+[price],[bit]|PROPN,[bit]|[deal],[bit]|[item],[bit]|[item]+*+PRON,[bit]|[item]+*+VERB,[bit]|$PERCENT,[bit]|$PERCENT+ADV,[bit]|$PERCENT+*+ADV,$PERCENT,$PERCENT+NOUN,$PERCENT+NOUN+ADV,$PERCENT+NOUN+*+ADV,$PERCENT+ADV,$PERCENT+ADV|NOUN,$PERCENT+*+NOUN,$PERCENT+*+NOUN+ADV,$PERCENT+*+ADV,$PERCENT+*+ADV|NOUN,$PERCENT|PROPN,$PERCENT|[deal],$PERCENT|[item],$PERCENT|[bit],$PERCENT|[bit]+ADV,$PERCENT|[bit]+*+ADV
s0,1,"This particular location has a good check in deal.
",0,1,0,0,0,1,1,1,1,1,0,0,0,0,0,0,0,0,0,0,1,0,0,0,0,0,0,0,0,0,0,0,0,0,0,0,0,0,0,0,0,0,0,0,0,0,0,1,0,0,0,0,0,0,0,0,0,0,0,0,0,0,0,0,0,1,0,0,0,0
s1,1,"some of the items they sale here are a bit over priced but if you don't mind paying a bit extra this is the place to go. 
",0,0,1,1,0,0,0,1,1,0,1,1,1,1,1,1,1,1,1,1,1,1,1,1,1,1,1,1,1,1,1,1,1,1,1,1,1,1,1,1,1,1,1,1,1,1,1,1,1,1,1,1,1,1,0,0,0,0,0,0,0,0,0,0,0,0,1,1,1,1
s2,1,They have some great offers going on now with even 70% off on some items.,0,0,1,0,1,0,0,1,0,1,0,1,0,0,0,0,0,0,0,1,1,1,0,0,0,0,0,0,0,0,0,0,0,0,0,0,0,0,0,0,0,0,0,0,0,0,0,0,1,0,0,1,1,1,1,1,1,1,1,1,1,1,1,1,1,1,1,1,1,1
s6,1,50$ for buffet and mind you i only ate crab legs,0,0,0,0,0,0,0,0,0,0,0,0,0,0,0,0,0,0,0,0,0,0,0,0,0,0,0,0,0,0,0,0,0,0,0,0,0,0,0,0,0,0,0,0,0,0,0,0,0,0,0,0,0,0,0,0,0,0,0,0,0,0,0,0,0,0,0,0,0,0
s33,1,"You get a much much larger portion for the same price at SFU (the bowl is over-flowing).
",1,1,1,1,1,0,1,0,0,0,0,0,0,0,0,0,0,0,0,1,0,0,0,0,0,0,0,0,0,0,0,0,0,0,0,0,0,0,0,0,0,0,0,0,0,0,1,0,0,0,0,0,0,0,0,0,0,0,0,0,0,0,0,0,1,0,0,0,0,0
s19,1,"Prices vary so you have to shop around, but every once in a while you can find a really awesome deal.
",0,1,0,0,0,1,1,1,1,1,0,0,0,0,0,0,0,0,0,0,1,0,0,0,0,0,0,0,0,0,0,0,0,0,0,0,0,0,0,0,0,0,0,0,0,0,0,1,0,0,0,0,0,0,0,0,0,0,0,0,0,0,0,0,0,1,0,0,0,0
s32,1,"Hence the food is way too pricey for what's offered
",0,0,0,0,0,0,0,0,0,0,0,0,0,0,0,0,0,0,0,0,0,0,0,0,0,0,0,0,0,0,0,0,0,0,0,0,0,0,0,0,0,0,0,0,0,0,0,0,0,0,0,0,0,0,0,0,0,0,0,0,0,0,0,0,0,0,0,0,0,0
s18,1,"I love that for things you order regularly you can establish a standing order and get a 5 % discount ( milk , eggs , etc . ) .",0,0,0,0,1,0,0,0,0,1,0,0,0,0,0,0,0,0,0,0,0,1,0,0,0,0,0,0,0,0,0,0,0,0,0,0,0,0,0,0,0,0,0,0,0,0,0,0,0,0,0,1,0,0,1,1,0,0,0,1,1,0,0,1,1,1,1,1,0,0
s3,0,"Customer service told me "" nothing was rescheduled""
",0,0,0,0,0,0,0,0,0,0,0,0,0,0,0,0,0,0,0,0,0,0,0,0,0,0,0,0,0,0,0,0,0,0,0,0,0,0,0,0,0,0,0,0,0,0,0,0,0,0,0,0,0,0,0,0,0,0,0,0,0,0,0,0,0,0,0,0,0,0
s4,0,"The woman told me that her manager said yes they have the calls recorded , but he will not listen to them , and that she was ' proceeding to cancel this call ' ..
",0,0,0,0,0,0,0,0,0,0,0,0,0,0,0,0,0,0,0,0,0,0,0,0,0,0,0,0,0,0,0,0,0,0,0,0,0,0,0,0,0,0,0,0,0,0,0,0,0,0,0,0,0,0,0,0,0,0,0,0,0,0,0,0,0,0,0,0,0,0
s30,0,Only issue I have with this place is that they've raised their prices twice in the last year and now it's $2.10 for almost every plate which I think is very high for what you get,0,0,0,0,0,0,0,0,0,0,0,0,0,0,0,0,0,0,0,0,0,0,0,0,0,0,0,0,0,0,0,0,0,0,0,0,0,0,0,0,0,0,0,0,0,0,0,0,0,0,0,0,0,0,0,0,0,0,0,0,0,0,0,0,0,0,0,0,0,0
